"spline","rmse","mae","roughness","acf_lag1","acf_lag2","acf_lag3","acf_lag4","acf_lag5","mean_residual","sd_residual","min_residual","max_residual"
"Global",0.323443237128241,0.288052201274831,0.196703561320688,0.893641882502154,0.669070765311793,0.39819155539534,0.101434792255214,-0.172415698936131,-0.0501066532647871,0.323609215016647,-0.456251854508965,0.682313704956238
"Region A Deviation",0.295558112893985,0.256745483458628,0.0916650721858821,0.886211411414783,0.632789998350342,0.308150601157673,-0.0282528909755671,-0.325547188312669,0.0544244500876178,0.294204842872016,-0.495908417978658,0.528523465395282
"Region B Deviation",0.33951594072391,0.297684087970771,0.0817524343562467,0.90529843226021,0.661680857782365,0.340138537299541,0.0139620320936619,-0.254956866913629,0.0387949276020924,0.341589088275237,-0.623654263632408,0.453092140668691
"Region C Deviation",0.35660753585132,0.301465022942844,0.0887887891657386,0.898347967196854,0.639821576731986,0.300848156395173,-0.0402357896801987,-0.322301982246711,0.0435113190072747,0.358452084906109,-0.718596516812391,0.60492733071463
