"spline","rmse","mae","roughness","acf_lag1","acf_lag2","acf_lag3","acf_lag4","acf_lag5","mean_residual","sd_residual","min_residual","max_residual"
"Pooled (All Regions)",0.11220693923586,0.0875595620644944,0.212912384321994,-0.471348469522199,-0.0886510317742655,0.0287075550490686,0.0867050256714771,0.00388777768003576,-6.97938379903674e-05,0.11267738884894,-0.31306375075315,0.295903901170888
"Region A Residuals",0.123017766276038,0.0977326441803671,0.17851813582252,-0.402347672221089,-0.229677331481947,-0.0256808935648164,0.238815349486855,0.098600531316227,-0.00131073963916657,0.12457786271283,-0.212828947549094,0.295903901170888
"Region B Residuals",0.110829966239952,0.089733352734697,0.273147065281688,-0.483162828296728,-0.078158116792075,0.14932938215083,0.0246548487351293,-0.219930302250614,-0.000568926909961382,0.112240391006319,-0.31306375075315,0.210614082137849
"Region C Residuals",0.101757257243624,0.0752126892784192,0.168710352887487,-0.564259983874239,0.0869500757808129,-0.0122232786500538,-0.014148463828485,0.0949512192773791,0.00167028503515685,0.103039696356688,-0.234914843479383,0.263391624569279
